County,City
Anderson,Clinton
Bedford,Shelbyville
Benton,Camden
Bledsoe,Pikeville
Blount,Maryville
Bradley,Cleveland
Campbell,Jacksboro
Cannon,Woodbury
Carroll,Huntingdon
Carter,Elizabethton
Cheatham,Ashland City
Chester,Henderson
Claiborne,Tazewell
Clay,Celina
Cocke,Newport
Coffee,Manchester
Crockett,Alamo
Cumberland,Crossville
Davidson,Nashville
Decatur,Decaturville
Dekalb,Smithville
Dickson,Charlotte
Dyer,Dyersburg
Fayette,Somerville
Fentress,Jamestown
Franklin,Winchester
Gibson,Trenton
Giles,Pulaski
Grainger,Rutledge
Greene,Greeneville
Grundy,Altamont
Hamblen,Morristown
Hamilton,Chattanooga
Hancock,Sneedville
Hardeman,Bolivar
Hardin,Savannah
Hawkins,Rogersville
Haywood,Brownsville
Henderson,Lexington
Henry,Paris
Hickman,Centerville
Houston,Erin
Humphreys,Waverly
Jackson,Gainesboro
Jefferson,Dandridge
Johnson,Mountain City
Knox,Knoxville
Lake,Tiptonville
Lauderdale,Ripley
Lawrence,Lawrenceburg
Lewis,Hohenwald
Lincoln,Fayetteville
Loudon,Loudon
Macon,Lafayette
Madison,Jackson
Marion,Jasper
Marshall,Lewisburg
Maury,Columbia
McMinn,Athens
McNairy,Selmer
Meigs,Decatur
Monroe,Madisonville
Montgomery,Clarksville
Moore,Lynchburg
Morgan,Wartburg
Obion,Union City
Overton,Livingston
Perry,Linden
Pickett,Byrdstown
Polk,Benton
Putnam,Cookeville
Rhea,Dayton
Roane,Harriman
Robertson,Springfield
Rutherford,Murfreesboro
Scott,Huntsville
Sequatchie,Dunlap
Sevier,Sevierville
Shelby,Memphis
Smith,Carthage
Stewart,Dover
Sullivan,Blountville
Sumner,Gallatin
Tipton,Covington
Trousdale,Hartsville
Unicoi,Erwin
Union,Maynardville
Van Buren,Spencer
Warren,McMinnville
Washington,Jonesborough
Wayne,Waynesboro
Weakley,Dresden
White,Sparta
Williamson,Franklin
Wilson,Lebanon
Anderson,Norris
Blount,Alcoa
Campbell,LaFollette
Cannon,Auburntown
Carroll,Clarksburg
Carter,Johnson City
Cheatham,Kingston Springs
Claiborne,Cumberland Gap
Coffee,Tullahoma
Davidson,Belle Meade
Decatur,Parsons
Dekalb,Alexandria
Dickson,Burns
Fayette,Piperton
Franklin,Monteagle
Gibson,Humboldt
Greene,Baileyton
Grundy,Monteagle
Hamilton,Collegedale
Hardin,Adamsville
Hawkins,Bulls Gap
Knox,Farragut
Lauderdale,Halls
Loudon,Farragut
Marion,Chattanooga
Marshall,Cornersville
Maury,Spring Hill
McMinn,Etowah
McNairy,Adamsville
Monroe,Sweetwater
Morgan,Oliver Springs
Obion,Trimble
Putnam,Baxter
Roane,Kingston
Robertson,Greenbrier
Rutherford,LaVergne
Sevier,Pigeon Forge
Shelby,Arlington
Sullivan,Bluff City
Sumner,Goodlettsville
Tipton,Atoka
Unicoi,Unicoi
Washington,Johnson City
Weakley,Martin
Williamson,Brentwood
Wilson,Mt. Juliet
Anderson,Oak Ridge
Blount,Friendsville
Campbell,Rocky Top
Carter,Watauga
Cheatham,Pegram
Davidson,Berry Hill
Dickson,Dickson
Fayette,Rossville
Franklin,Tullahoma
Gibson,Milan
Greene,Mosheim
Hamilton,East Ridge
Hawkins,Church Hill
Loudon,Greenback
Marion,Kimball
McMinn,Sweetwater
Monroe,Tellico Plains
Roane,Oak Ridge
Robertson,Ridgetop
Rutherford,Smyrna
Shelby,Bartlett
Sullivan,Bristol
Sumner,Hendersonville
Tipton,Brighton
Washington,Watauga
Williamson,Nolensville
Anderson,Oliver Springs
Blount,Louisville
Cheatham,Pleasant View
Davidson,Forest Hills
Dickson,White Bluff
Greene,Tusculum
Hamilton,Signal Mountain
Hawkins,Kingsport
Loudon,Lenoir City
Marion,Monteagle
Monroe,Vonore
Roane,Oliver Springs
Robertson,White House
Shelby,Collierville
Sullivan,Johnson City
Sumner,Portland
Tipton,Gilt Edge
Williamson,Spring Hill
Anderson,Rocky Top
Blount,Rockford
Davidson,Goodlettsville
Hawkins,Surgoinsville
Loudon,Philadelphia
Marion,South Pittsburg
Roane,Rockwood
Shelby,Germantown
Sullivan,Kingsport
Sumner,Westmoreland
Tipton,Munford
Williamson,Thompson's Station
Blount,Townsend
Davidson,Oak Hill
Shelby,Lakeland
Sumner,White House
Davidson,Ridgetop
Shelby,Millington
